{
    "identityPoolName": "rheastagram2f6e2c8c_identitypool_2f6e2c8c",
    "allowUnauthenticatedIdentities": true,
    "resourceNameTruncated": "rheast2f6e2c8c",
    "userPoolName": "rheastagram2f6e2c8c_userpool_2f6e2c8c",
    "autoVerifiedAttributes": [
        "email"
    ],
    "mfaConfiguration": "OFF",
    "mfaTypes": [
        "SMS Text Message"
    ],
    "smsAuthenticationMessage": "Your authentication code is {####}",
    "smsVerificationMessage": "Your verification code is {####}",
    "emailVerificationSubject": "Your verification code",
    "emailVerificationMessage": "Your verification code is {####}",
    "defaultPasswordPolicy": false,
    "passwordPolicyMinLength": 8,
    "passwordPolicyCharacters": [],
    "requiredAttributes": [
        "email"
    ],
    "userpoolClientGenerateSecret": true,
    "userpoolClientRefreshTokenValidity": 30,
    "userpoolClientWriteAttributes": [
        "email"
    ],
    "userpoolClientReadAttributes": [
        "email"
    ],
    "userpoolClientLambdaRole": "rheast2f6e2c8c_userpoolclient_lambda_role",
    "userpoolClientSetAttributes": false,
    "resourceName": "rheastagram2f6e2c8c",
    "authSelections": "identityPoolAndUserPool",
    "authRoleArn": {
        "Fn::GetAtt": [
            "AuthRole",
            "Arn"
        ]
    },
    "unauthRoleArn": {
        "Fn::GetAtt": [
            "UnauthRole",
            "Arn"
        ]
    },
    "useDefault": "manual",
    "userPoolGroupList": [],
    "dependsOn": [],
    "userPoolGroups": false,
    "adminQueries": false,
    "triggers": "{}",
    "hostedUI": false,
    "parentStack": {
        "Ref": "AWS::StackId"
    },
    "permissions": [],
    "thirdPartyAuth": false
}