{
    "rheaenvone": {
        "awscloudformation": {
            "AuthRoleName": "amplify-rheastagram-rheaenvone-124335-authRole",
            "UnauthRoleArn": "arn:aws:iam::375497050422:role/amplify-rheastagram-rheaenvone-124335-unauthRole",
            "AuthRoleArn": "arn:aws:iam::375497050422:role/amplify-rheastagram-rheaenvone-124335-authRole",
            "Region": "us-east-1",
            "DeploymentBucketName": "amplify-rheastagram-rheaenvone-124335-deployment",
            "UnauthRoleName": "amplify-rheastagram-rheaenvone-124335-unauthRole",
            "StackName": "amplify-rheastagram-rheaenvone-124335",
            "StackId": "arn:aws:cloudformation:us-east-1:375497050422:stack/amplify-rheastagram-rheaenvone-124335/0de7e530-9ab9-11ea-8c07-0a1f955da693",
            "AmplifyAppId": "d2f7z4fxf9cz8c"
        },
        "categories": {
            "auth": {
                "rheastagram2f6e2c8c": {}
            }
        }
    }
}